<?xml version="1.0" encoding="UTF-8" standalone="no"?><xmap-revision-content xmlns="urn:xmind:xmap:xmlns:revision:1.0" xmlns:fo="http://www.w3.org/1999/XSL/Format" xmlns:svg="http://www.w3.org/2000/svg" xmlns:xhtml="http://www.w3.org/1999/xhtml" xmlns:xlink="http://www.w3.org/1999/xlink"><sheet id="5bm9k3jtpgpfv0tb7eqqal36jt" modified-by="keena" timestamp="1702409653989"><topic id="2489rqmjvpl3caksmcifu1meac" modified-by="keena" timestamp="1702409648668"><title>test</title><extensions><extension provider="org.xmind.ui.map.unbalanced"><content><right-number>1</right-number></content></extension></extensions><children><topics type="attached"><topic id="04er72rggaao29b02tvq8g8odc" modified-by="keena" timestamp="1702409651521"><title>test more</title><children><topics type="attached"><topic id="687o3eash3n4b4hk6b5rbdh71u" modified-by="keena" timestamp="1702409653989"><title>test even more</title></topic></topics></children></topic></topics></children></topic></sheet></xmap-revision-content>