<?xml version='1.0' encoding='utf-8'?>
<ns0:topic xmlns:ns0="urn:xmind:xmap:xmlns:content:2.0" id="2489rqmjvpl3caksmcifu1meac" modified-by="keena" timestamp="1702409648668"><ns0:title>test</ns0:title><ns0:extensions><ns0:extension provider="org.xmind.ui.map.unbalanced"><ns0:content><ns0:right-number>1</ns0:right-number></ns0:content></ns0:extension></ns0:extensions><ns0:children><ns0:topics type="attached"><ns0:topic id="04er72rggaao29b02tvq8g8odc" modified-by="keena" timestamp="1702409651521"><ns0:title>test more</ns0:title><ns0:children><ns0:topics type="attached"><ns0:topic id="687o3eash3n4b4hk6b5rbdh71u" modified-by="keena" timestamp="1702409653989"><ns0:title>test even more</ns0:title></ns0:topic></ns0:topics></ns0:children></ns0:topic></ns0:topics></ns0:children><ns0:topic><ns0:title /></ns0:topic></ns0:topic>